control_id,control_domain,Control_Description,CIS_Control_Number,CIS_Control_Title,CIS_Control_Description
AM-CS-1,AM,The Company maintains an inventory of Assets.,1.1,Utilize an Active Discovery Tool,Utilize an active discovery tool to identify devices connected to the organization's network and update the hardware asset inventory.
AM-CS-1,AM,The Company maintains an inventory of Assets.,1.2,Use a Passive Asset Discovery Tool,Utilize a passive discovery tool to identify devices connected to the organization's network and automatically update the organization's hardware asset inventory.
AM-CS-1,AM,The Company maintains an inventory of Assets.,1.4,Maintain Detailed Asset Inventory,"Maintain an accurate and up-to-date inventory of all technology assets with the potential to store or process information. This inventory shall include all hardware assets, whether connected to the organization's network or not."
AM-CS-1,AM,The Company maintains an inventory of Assets.,1.5,Maintain Asset Inventory Information,"Ensure that the hardware asset inventory records the network address, hardware address, machine name, data asset owner, and department for each asset and whether the hardware asset has been approved to connect to the network."
AM-CS-1,AM,The Company maintains an inventory of Assets.,2.1,Maintain Inventory of Authorized Software,Maintain an up-to-date list of all authorized software that is required in the enterprise for any business purpose on any business system.
AM-CS-1,AM,The Company maintains an inventory of Assets.,2.3,Utilize Software Inventory Tools,Utilize software inventory tools throughout the organization to automate the documentation of all software on business systems.
AM-CS-1,AM,The Company maintains an inventory of Assets.,2.4,Track Software Inventory Information,"The software inventory system should track the name, version, publisher, and install date for all software, including operating systems authorized by the organization."
AM-CS-1,AM,The Company maintains an inventory of Assets.,2.5,Integrate Software and Hardware Asset Inventories,The software inventory system should be tied into the hardware asset inventory so all devices and associated software are tracked from a single location.
AM-CS-1,AM,The Company maintains an inventory of Assets.,12.1,Maintain an Inventory of Network Boundaries,Maintain an up-to-date inventory of all of the organization's network boundaries.
AM-CS-6,AM,"The Company tracks and reports on End Of Service Life (EOSL"") for hardware and software.""",2.2,Ensure Software is Supported by Vendor,Ensure that only software applications or operating systems currently supported and receiving vendor updates are added to the organization's authorized software inventory. Unsupported software should be tagged as unsupported in the inventory system.
AM-CS-6,AM,"The Company tracks and reports on End Of Service Life (EOSL"") for hardware and software.""",18.3,Verify That Acquired Software is Still Supported,Verify that the version of all software acquired from outside your organization is still supported by the developer or appropriately hardened based on developer security recommendations.
AM-CS-7,AM,The asset inventory is validated and updated on a [INSERT TIME FRAME] basis.,1.4,Maintain Detailed Asset Inventory,"Maintain an accurate and up-to-date inventory of all technology assets with the potential to store or process information. This inventory shall include all hardware assets, whether connected to the organization's network or not."
AM-CS-7,AM,The asset inventory is validated and updated on a [INSERT TIME FRAME] basis.,1.5,Maintain Asset Inventory Information,"Ensure that the hardware asset inventory records the network address, hardware address, machine name, data asset owner, and department for each asset and whether the hardware asset has been approved to connect to the network."
AM-CS-7,AM,The asset inventory is validated and updated on a [INSERT TIME FRAME] basis.,2.1,Maintain Inventory of Authorized Software,Maintain an up-to-date list of all authorized software that is required in the enterprise for any business purpose on any business system.
AM-CS-7,AM,The asset inventory is validated and updated on a [INSERT TIME FRAME] basis.,2.3,Utilize Software Inventory Tools,Utilize software inventory tools throughout the organization to automate the documentation of all software on business systems.
AM-CS-7,AM,The asset inventory is validated and updated on a [INSERT TIME FRAME] basis.,2.4,Track Software Inventory Information,"The software inventory system should track the name, version, publisher, and install date for all software, including operating systems authorized by the organization."
AM-CS-7,AM,The asset inventory is validated and updated on a [INSERT TIME FRAME] basis.,2.5,Integrate Software and Hardware Asset Inventories,The software inventory system should be tied into the hardware asset inventory so all devices and associated software are tracked from a single location.
RP-CS-6,RP,The Company completes secure backups of information systems and data.,10.1,Ensure Regular Automated BackUps,Ensure that all system data is automatically backed up on a regular basis.
RP-CS-6,RP,The Company completes secure backups of information systems and data.,10.2,Perform Complete System Backups,"Ensure that all of the organization's key systems are backed up as a complete system, through processes such as imaging, to enable the quick recovery of an entire system."
RP-CS-6,RP,The Company completes secure backups of information systems and data.,10.4,Protect Backups,"Ensure that backups are properly protected via physical security or encryption when they are stored, as well as when they are moved across the network. This includes remote backups and cloud services."
RP-CS-6,RP,The Company completes secure backups of information systems and data.,10.5,Ensure All Backups Have at Least One Offline Backup Destination,"Ensure that all backups have at least one offline (i.e., not accessible via a network connection) backup destination."
RP-CS-7,RP,The Company performs testing of the integrity of backups on select applications on a [INSERT TIME FRAME] basis.,10.3,Test Data on Backup Media,"Backups of information are conducted, maintained, and tested"
CC-CS-1,CC,The Company deploys systems in to its environment in accordance with established baseline configurations.,4.2,Change Default Passwords,"Before deploying any new asset, change all default passwords to have values consistent with administrative level accounts."
CC-CS-1,CC,The Company deploys systems in to its environment in accordance with established baseline configurations.,5.1,Establish Secure Configurations,Maintain documented security configuration standards for all authorized operating systems and software.
CC-CS-1,CC,The Company deploys systems in to its environment in accordance with established baseline configurations.,5.2,Maintain Secure Images,Maintain secure images or templates for all systems in the enterprise based on the organization's approved configuration standards. Any new system deployment or existing system that becomes compromised should be imaged using one of those images or templates.
CC-CS-1,CC,The Company deploys systems in to its environment in accordance with established baseline configurations.,16.1,Lock Workstation Sessions After Inactivity,Automatically lock workstation sessions after a standard period of inactivity.
CC-CS-1,CC,The Company deploys systems in to its environment in accordance with established baseline configurations.,18.1,Use Standard Hardening Configuration Templates for Databases,"For applications that rely on a database, use standard hardening configuration templates. All systems that are part of critical business processes should also be tested."
CC-CS-1,CC,The Company deploys systems in to its environment in accordance with established baseline configurations.,7.2,Disable Unnecessary or Unauthorized Browser or Email Client Plugins,Uninstall or disable any unauthorized browser or email client plugins or add-on applications.
CC-CS-1,CC,The Company deploys systems in to its environment in accordance with established baseline configurations.,7.3,Limit Use of Scripting Languages in Web Browsers and Email Clients,Ensure that only authorized scripting languages are able to run in all web browsers and email clients.
CC-CS-1,CC,The Company deploys systems in to its environment in accordance with established baseline configurations.,7.8,Implement DMARC and Enable Receiver-Side Verification,"To lower the chance of spoofed or modified emails from valid domains, implement Domain-based Message Authentication, Reporting and Conformance (DMARC) policy and verification, starting by implementing the Sender Policy Framework (SPF) and the DomainKeys Identified Mail(DKIM) standards."
CC-CS-2,CC,The Company monitors for changes to configuration settings and critical files within The Company systems.,5.4,Deploy System Configuration Management Tools,Deploy system configuration management tools that will automatically enforce and redeploy configuration settings to systems at regularly scheduled intervals.
CC-CS-2,CC,The Company monitors for changes to configuration settings and critical files within The Company systems.,5.5,Implement Automated Configuration Monitoring Systems,"Utilize a Security Content Automation Protocol (SCAP) compliant configuration monitoring system to verify all security configuration elements, catalog approved exceptions, and alert when unauthorized changes occur."
CC-CS-2,CC,The Company monitors for changes to configuration settings and critical files within The Company systems.,11.3,Use Automated Tools to Verify Standard Device Configurations and Detect Changes,"Compare all network device configuration against approved security configurations defined for each network device in use, and alert when any deviations are discovered."
CC-CS-3,CC,The Company restricts access and/or permissions to install software to authorized individuals.,4.7,Limit Access to Script Tools,Limit access to scripting tools (such as Microsoft® PowerShell and Python) to only administrative or development users with the need to access those capabilities.
CC-CS-4,CC,The Company updates established baseline configurations to reflect changes in requirements on a [INSERT TIME FRAME] basis.,5.2,Maintain Secure Images,Maintain secure images or templates for all systems in the enterprise based on the organization's approved configuration standards. Any new system deployment or existing system that becomes compromised should be imaged using one of those images or templates.
CC-CS-4,CC,The Company updates established baseline configurations to reflect changes in requirements on a [INSERT TIME FRAME] basis.,5.3,Securely Store Master Images,"Store the master images and templates on securely configured servers, validated with integrity monitoring tools, to ensure that only authorized changes to the images are possible."
DE-CS-2,DE,Sensitive data is protected at rest in accordance with established data devaluation requirements.,14.8,Encrypt Sensitive Information at Rest,"Encrypt all sensitive information at rest using a tool that requires a secondary authentication mechanism not integrated into the operating system, in order to access the information."
DE-CS-2,DE,Sensitive data is protected at rest in accordance with established data devaluation requirements.,18.5,Use Only Standardized and Extensively Reviewed Encryption Algorithms,"Use only standardized, currently accepted, and extensively reviewed encryption algorithms."
DE-CS-3,DE,Sensitive data is protected in transit in accordance with established data devaluation requirements.,14.4,Encrypt All Sensitive Information in Transit,Encrypt all sensitive information in transit.
DE-CS-3,DE,Sensitive data is protected in transit in accordance with established data devaluation requirements.,15.7,Leverage the Advanced Encryption Standard (AES) to Encrypt Wireless Data,Leverage the Advanced Encryption Standard (AES) to encrypt wireless data in transit.
DE-CS-3,DE,Sensitive data is protected in transit in accordance with established data devaluation requirements.,18.5,Use Only Standardized and Extensively Reviewed Encryption Algorithms,"Use only standardized, currently accepted, and extensively reviewed encryption algorithms."
DE-CS-3,DE,Sensitive data is protected in transit in accordance with established data devaluation requirements.,11.5,Manage Network Devices Using Multi-Factor Authentication and Encrypted Sessions,Manage all network devices using multi-factor authentication and encrypted sessions.
DE-CS-3,DE,Sensitive data is protected in transit in accordance with established data devaluation requirements.,16.5,Encrypt Transmittal of Username and Authentication Credentials,Ensure that all account usernames and authentication credentials are transmitted across networks using encrypted channels.
DE-CS-4,DE,The Company owned laptops and mobile devices employ full disk encryption.,13.6,Encrypt Mobile Device Data,Utilize approved cryptographic mechanisms to protect enterprise data stored on all mobile devices.
DE-CS-4,DE,The Company owned laptops and mobile devices employ full disk encryption.,18.5,Use Only Standardized and Extensively Reviewed Encryption Algorithms,"Use only standardized, currently accepted, and extensively reviewed encryption algorithms."
DE-CS-7,DE,Cryptographic mechanisms have been implemented to protect data integrity in transit.,14.4,Encrypt All Sensitive Information in Transit,Encrypt all sensitive information in transit.
DE-CS-7,DE,Cryptographic mechanisms have been implemented to protect data integrity in transit.,15.7,Leverage the Advanced Encryption Standard (AES) to Encrypt Wireless Data,Leverage the Advanced Encryption Standard (AES) to encrypt wireless data in transit.
DE-CS-7,DE,Cryptographic mechanisms have been implemented to protect data integrity in transit.,18.5,Use Only Standardized and Extensively Reviewed Encryption Algorithms,"Use only standardized, currently accepted, and extensively reviewed encryption algorithms."
DE-CS-8,DE,Cryptographic mechanisms have been implemented to verify the authenticity of software prior to installation.,2.7,Utilize Application Whitelisting,Utilize application whitelisting technology on all assets to ensure that only authorized software executes and all unauthorized software is blocked from executing on assets.
DE-CS-8,DE,Cryptographic mechanisms have been implemented to verify the authenticity of software prior to installation.,2.8,Implement Application Whitelisting of Libraries,"The organization's application whitelisting software must ensure that only authorized software libraries (such as *.dll, *.ocx, *.so, etc.) are allowed to load into a system process."
DC-CS-2,DC,Information assets are classified and labeled in accordance with established data classification requirements.,13.1,Maintain an Inventory of Sensitive Information,"Maintain an inventory of all sensitive information stored, processed, or transmitted by the organization's technology systems, including those located on-site or at a remote service provider."
DC-CS-3,DC,"The organization manages, protects, and monitors removable media usage in accordance with documented and approved data handling and acceptable usage requirements.",13.7,Manage USB Devices,"If USB storage devices are required, enterprise software should be used that can configure systems to allow the use of specific devices. An inventory of such devices should be maintained."
DC-CS-3,DC,"The organization manages, protects, and monitors removable media usage in accordance with documented and approved data handling and acceptable usage requirements.",13.8,Manage System's External Removable Media's Read/Write Configurations,"Configure systems not to write data to external removable media, if there is no business need for supporting such devices."
DC-CS-3,DC,"The organization manages, protects, and monitors removable media usage in accordance with documented and approved data handling and acceptable usage requirements.",13.9,Encrypt Data on USB Storage Devices,"If USB storage devices are required, all data stored on such devices must be encrypted while at rest."
DC-CS-4,DC,A Data Loss Prevention (DLP) Program is in place to detect and monitor unauthorized leakage of sensitive data across the enterprise.,13.3,Monitor and Block Unauthorized Network Traffic,Deploy an automated tool on network perimeters that monitors for unauthorized transfer of sensitive information and blocks such transfers while alerting information security professionals.
DC-CS-4,DC,A Data Loss Prevention (DLP) Program is in place to detect and monitor unauthorized leakage of sensitive data across the enterprise.,13.4,Only Allow Access to Authorized Cloud Storage or Email Providers,Only allow access to authorized cloud storage or email providers.
DC-CS-4,DC,A Data Loss Prevention (DLP) Program is in place to detect and monitor unauthorized leakage of sensitive data across the enterprise.,14.7,Enforce Access Control to Data Through Automated Tools,"Use an automated tool, such as host-based Data Loss Prevention, to enforce access controls to data even when data is copied off a system."
DC-CS-6,DC,A risk based process to discover and protect or remove data at rest in repositories is defined and implemented.,13.2,Remove Sensitive Data or Systems Not Regularly Accessed by Organization,Remove sensitive data or systems not regularly accessed by the organization from the network. These systems shall only be used as stand-alone systems (disconnected from the network) by the business unit needing to occasionally use the system or completely virtualized and powered off until needed.
DC-CS-6,DC,A risk based process to discover and protect or remove data at rest in repositories is defined and implemented.,14.5,Utilize an Active Discovery Tool to Identify Sensitive Data,"Utilize an active discovery tool to identify all sensitive information stored, processed, or transmitted by the organization's technology systems, including those located on-site or at a remote service provider, and update the organization's sensitive information inventory."
AC-CS-1,AC,Enterprise User Accounts are provisioned when an approved request has been documented.,14.6,Protect Information Through Access Control Lists,"Protect all information stored on systems with file system, network share, claims, application, or database specific access control lists. These controls will enforce the principle that only authorized individuals should have access to the information based on their need to access the information as a part of their responsibilities."
AC-CS-10,AC,[INSERT USER TYPE] access is certified by appropriate management on a [INSERT TIME FRAME] basis.,16.8,Disable Any Unassociated Accounts,Disable any account that cannot be associated with a business process or business owner.
AC-CS-10,AC,[INSERT USER TYPE] access is certified by appropriate management on a [INSERT TIME FRAME] basis.,14.6,Protect Information Through Access Control Lists,"Protect all information stored on systems with file system, network share, claims, application, or database specific access control lists. These controls will enforce the principle that only authorized individuals should have access to the information based on their need to access the information as a part of their responsibilities."
AC-CS-13,AC,[INSERT USER TYPE] access is removed or disabled upon notification from an authorized party.,16.7,Establish Process for Revoking Access,"Establish and follow an automated process for revoking system access by disabling accounts immediately upon termination or change of responsibilities of an employee or contractor . Disabling these accounts, instead of deleting accounts, allows preservation of audit trails."
AC-CS-14,AC,Security requirements for [INSERT USER TYPE] and credentials are enforced.,16.9,Disable Dormant Accounts,Automatically disable dormant accounts after a set period of inactivity.
AC-CS-14,AC,Security requirements for [INSERT USER TYPE] and credentials are enforced.,16.1,Maintain an Inventory of Authentication Systems,"Maintain an inventory of each of the organization's authentication systems, including those located on-site or at a remote service provider."
AC-CS-14,AC,Security requirements for [INSERT USER TYPE] and credentials are enforced.,16.4,Encrypt or Hash all Authentication Credentials,Encrypt or hash with a salt all authentication credentials when stored.
AC-CS-15,AC,Security requirements for [INSERT USER TYPE] and credentials are enforced.,16.9,Disable Dormant Accounts,Automatically disable dormant accounts after a set period of inactivity.
AC-CS-15,AC,Security requirements for [INSERT USER TYPE] and credentials are enforced.,16.1,Maintain an Inventory of Authentication Systems,"Maintain an inventory of each of the organization's authentication systems, including those located on-site or at a remote service provider."
AC-CS-15,AC,Security requirements for [INSERT USER TYPE] and credentials are enforced.,16.4,Encrypt or Hash all Authentication Credentials,Encrypt or hash with a salt all authentication credentials when stored.
AC-CS-16,AC,Security requirements for [INSERT USER TYPE] and credentials are enforced.,16.9,Disable Dormant Accounts,Automatically disable dormant accounts after a set period of inactivity.
AC-CS-16,AC,Security requirements for [INSERT USER TYPE] and credentials are enforced.,16.1,Maintain an Inventory of Authentication Systems,"Maintain an inventory of each of the organization's authentication systems, including those located on-site or at a remote service provider."
AC-CS-16,AC,Security requirements for [INSERT USER TYPE] and credentials are enforced.,16.4,Encrypt or Hash all Authentication Credentials,Encrypt or hash with a salt all authentication credentials when stored.
AC-CS-2,AC,Organizational Users are only provisioned with system and application access when an approved request has been documented.,14.6,Protect Information Through Access Control Lists,"Protect all information stored on systems with file system, network share, claims, application, or database specific access control lists. These controls will enforce the principle that only authorized individuals should have access to the information based on their need to access the information as a part of their responsibilities."
AC-CS-3,AC,Privileged accounts for Organizational Users are provisioned when an approved request has been documented.,14.6,Protect Information Through Access Control Lists,"Protect all information stored on systems with file system, network share, claims, application, or database specific access control lists. These controls will enforce the principle that only authorized individuals should have access to the information based on their need to access the information as a part of their responsibilities."
AC-CS-4,AC,"Organizational User accounts that are managed by an Enterprise Directory Service are disabled or deleted when no longer necessary, upon termination, or upon notification from an authorized party.",16.7,Establish Process for Revoking Access,"Establish and follow an automated process for revoking system access by disabling accounts immediately upon termination or change of responsibilities of an employee or contractor . Disabling these accounts, instead of deleting accounts, allows preservation of audit trails."
AC-CS-4,AC,"Organizational User accounts that are managed by an Enterprise Directory Service are disabled or deleted when no longer necessary, upon termination, or upon notification from an authorized party.",16.2,Configure Centralized Point of Authentication,"Configure access for all accounts through as few centralized points of authentication as possible, including network, security, and cloud systems."
AC-CS-5,AC,"Organizational User accounts that are not managed by an Enterprise Directory Service are disabled or deleted when no longer necessary, upon termination, or upon notification from an authorized party.",16.7,Establish Process for Revoking Access,"Establish and follow an automated process for revoking system access by disabling accounts immediately upon termination or change of responsibilities of an employee or contractor . Disabling these accounts, instead of deleting accounts, allows preservation of audit trails."
AC-CS-6,AC,The Company enforces security requirements for Organizational User accounts and credentials that are managed by an Enterprise Directory Service.,16.9,Disable Dormant Accounts,Automatically disable dormant accounts after a set period of inactivity.
AC-CS-6,AC,The Company enforces security requirements for Organizational User accounts and credentials that are managed by an Enterprise Directory Service.,16.1,Maintain an Inventory of Authentication Systems,"Maintain an inventory of each of the organization's authentication systems, including those located on-site or at a remote service provider."
AC-CS-6,AC,The Company enforces security requirements for Organizational User accounts and credentials that are managed by an Enterprise Directory Service.,16.4,Encrypt or Hash all Authentication Credentials,Encrypt or hash with a salt all authentication credentials when stored.
AC-CS-7,AC,The Company enforces security requirements for Organizational User accounts and credentials that are not managed by an Enterprise Directory Service.,16.9,Disable Dormant Accounts,Automatically disable dormant accounts after a set period of inactivity.
AC-CS-7,AC,The Company enforces security requirements for Organizational User accounts and credentials that are not managed by an Enterprise Directory Service.,16.1,Maintain an Inventory of Authentication Systems,"Maintain an inventory of each of the organization's authentication systems, including those located on-site or at a remote service provider."
AC-CS-7,AC,The Company enforces security requirements for Organizational User accounts and credentials that are not managed by an Enterprise Directory Service.,16.4,Encrypt or Hash all Authentication Credentials,Encrypt or hash with a salt all authentication credentials when stored.
AC-CS-8,AC,The Company requires multi-factor authentication for remote network access.,12.1,Require All Remote Login to Use Multi-Factor Authentication,Require all remote login access to the organization's network to encrypt data in transit and use multi-factor authentication.
AC-CS-9,AC,The Company requires multi-factor authentication based on the risk associated with the type of account and access.,4.5,Use Multi-Factor Authentication for All Administrative Access,Use multi-factor authentication and encrypted channels for all administrative account access.
AC-CS-9,AC,The Company requires multi-factor authentication based on the risk associated with the type of account and access.,16.3,Require Multi-Factor Authentication,"Require multi-factor authentication for all user accounts, on all systems, whether managed on-site or by a third-party provider."
AC-CS-9,AC,The Company requires multi-factor authentication based on the risk associated with the type of account and access.,11.5,Manage Network Devices Using Multi-Factor Authentication and Encrypted Sessions,Manage all network devices using multi-factor authentication and encrypted sessions.
IR-CS-1,IR,The Company maintains operational plans for incident response and recovery activities.,19.1,Document Incident Response Procedures,Ensure that there are written incident response plans that define roles of personnel as well as phases of incident handling/management.
IR-CS-1,IR,The Company maintains operational plans for incident response and recovery activities.,19.2,Assign Job Titles and Duties for Incident Response,"Assign job titles and duties for handling computer and network incidents to specific individuals, and ensure tracking and documentation throughout the incident through resolution."
IR-CS-1,IR,The Company maintains operational plans for incident response and recovery activities.,19.3,Designate Management Personnel to Support Incident Handling,"Designate management personnel, as well as backups, who will support the incident handling process by acting in key decision-making roles."
IR-CS-1,IR,The Company maintains operational plans for incident response and recovery activities.,19.5,Maintain Contact Information For Reporting Security Incidents,"Assemble and maintain information on third-party contact information to be used to report a security incident, such as Law Enforcement, relevant government departments, vendors, and Information Sharing and Analysis Center (ISAC) partners."
IR-CS-1,IR,The Company maintains operational plans for incident response and recovery activities.,19.6,Publish Information Regarding Reporting Computer Anomalies and Incidents,"Publish information for all workforce members, regarding reporting computer anomalies and incidents, to the incident handling team. Such information should be included in routine employee awareness activities."
IR-CS-2,IR,The Company responds to security incidents in accordance with documented procedures and tracks response activities through resolution.,19.1,Document Incident Response Procedures,Ensure that there are written incident response plans that define roles of personnel as well as phases of incident handling/management.
IR-CS-2,IR,The Company responds to security incidents in accordance with documented procedures and tracks response activities through resolution.,19.8,Create Incident Scoring and Prioritization Schema,Create incident scoring and prioritization schema based on known or potential impact to your organization. Utilize score to define frequency of status updates and escalation procedures.
IR-CS-3,IR,The Company tests its security incident response capability biannually and updates its plans as needed.,19.7,Conduct Periodic Incident Scenario Sessions for Personnel,"Plan and conduct routine incident, response exercises and scenarios for the workforce involved in the incident response to maintain awareness and comfort in responding to real-world threats. Exercises should test communication channels, decision making, and incident responders technical capabilities using tools and data available to them."
IR-CS-4,IR,The Company conducts post security incident analysis and updates plans or procedures if areas for improvement are identified.,19.1,Document Incident Response Procedures,Ensure that there are written incident response plans that define roles of personnel as well as phases of incident handling/management.
IR-CS-5,IR,The Company reports security incidents to the CISO and Board of Directors (or subcommittee) based on severity and in accordance with the Security Incident Response Plan.,19.4,Devise Organization-wide Standards for Reporting Incidents,"Devise organization-wide standards for the time required for system administrators and other workforce members to report anomalous events to the incident handling team, the mechanisms for such reporting, and the kind of information that should be included in the incident notification."
IR-CS-5,IR,The Company reports security incidents to the CISO and Board of Directors (or subcommittee) based on severity and in accordance with the Security Incident Response Plan.,19.6,Publish Information Regarding Reporting Computer Anomalies and Incidents,"Publish information for all workforce members, regarding reporting computer anomalies and incidents, to the incident handling team. Such information should be included in routine employee awareness activities."
CM-CS-10,CM,The Company has threat detection and prevention capabilities for inbound email.,7.9,Block Unnecessary File Types,Block all email attachments entering the organization's email gateway if the file types are unnecessary for the organization's business.
CM-CS-10,CM,The Company has threat detection and prevention capabilities for inbound email.,7.1,Ensure Use of Only Fully Supported Browsers and Email Clients,"Ensure that only fully supported web browsers and email clients are allowed to execute in the organization, ideally only using the latest version of the browsers and email clients provided by the vendor."
CM-CS-16,CM,Application and Asset Owners configure systems to log events according to security requirements.,4.8,Log and Alert on Changes to Administrative Group Membership,Configure systems to issue a log entry and alert when an account is added to or removed from any group assigned administrative privileges.
CM-CS-16,CM,Application and Asset Owners configure systems to log events according to security requirements.,4.9,Log and Alert on Unsuccessful Administrative Account Login,Configure systems to issue a log entry and alert on unsuccessful logins to an administrative account.
CM-CS-16,CM,Application and Asset Owners configure systems to log events according to security requirements.,6.2,Activate Audit Logging,Ensure that local logging has been enabled on all systems and networking devices.
CM-CS-16,CM,Application and Asset Owners configure systems to log events according to security requirements.,6.3,Enable Detailed Logging,"Enable system logging to include detailed information such as a event source, date, user, timestamp, source addresses, destination addresses, and other useful elements."
CM-CS-16,CM,Application and Asset Owners configure systems to log events according to security requirements.,6.4,Ensure Adequate Storage for Logs,Ensure that all systems that store logs have adequate storage space for the logs generated.
CM-CS-16,CM,Application and Asset Owners configure systems to log events according to security requirements.,6.5,Central Log Management,Ensure that appropriate logs are being aggregated to a central log management system for analysis and review.
CM-CS-16,CM,Application and Asset Owners configure systems to log events according to security requirements.,6.6,Deploy SIEM or Log Analytic Tools,Deploy Security Information and Event Management (SIEM) or log analytic tool for log correlation and analysis.
CM-CS-16,CM,Application and Asset Owners configure systems to log events according to security requirements.,6.7,Regularly Review Logs,"On a regular basis, review logs to identify anomalies or abnormal events."
CM-CS-16,CM,Application and Asset Owners configure systems to log events according to security requirements.,6.8,Regularly Tune SIEM,"On a regular basis, tune your SIEM system to better identify actionable events and decrease event noise."
CM-CS-16,CM,Application and Asset Owners configure systems to log events according to security requirements.,14.9,Enforce Detail Logging for Access or Changes to Sensitive Data,Enforce detailed audit logging for access to sensitive data or changes to sensitive data (utilizing tools such as File Integrity Monitoring or Security Information and Event Monitoring).
CM-CS-16,CM,Application and Asset Owners configure systems to log events according to security requirements.,8.6,Centralize Anti-Malware Logging,Send all malware detection events to enterprise anti-malware administration tools and event log servers for analysis and alerting.
CM-CS-2,CM,The Company monitors internal personnel activity to detect potential cybersecurity incidents.,13.3,Monitor and Block Unauthorized Network Traffic,Deploy an automated tool on network perimeters that monitors for unauthorized transfer of sensitive information and blocks such transfers while alerting information security professionals.
CM-CS-2,CM,The Company monitors internal personnel activity to detect potential cybersecurity incidents.,13.4,Only Allow Access to Authorized Cloud Storage or Email Providers,Only allow access to authorized cloud storage or email providers.
CM-CS-3,CM,The Company monitors third-party personnel activity to detect potential cybersecurity incidents.,13.3,Monitor and Block Unauthorized Network Traffic,Deploy an automated tool on network perimeters that monitors for unauthorized transfer of sensitive information and blocks such transfers while alerting information security professionals.
CM-CS-3,CM,The Company monitors third-party personnel activity to detect potential cybersecurity incidents.,13.4,Only Allow Access to Authorized Cloud Storage or Email Providers,Only allow access to authorized cloud storage or email providers.
CM-CS-4,CM,"Monitoring for unauthorized connections, devices, and software is performed.",7.4,Maintain and Enforce Network-Based URL Filters,"Enforce network-based URL filters that limit a system's ability to connect to websites not approved by the organization. This filtering shall be enforced for each of the organization's systems, whether they are physically at an organization's facilities or not."
CM-CS-4,CM,"Monitoring for unauthorized connections, devices, and software is performed.",7.5,Subscribe to URL-Categorization Service,Subscribe to URL-categorization services to ensure that they are up-to-date with the most recent website category definitions available. Uncategorized sites shall be blocked by default.
CM-CS-4,CM,"Monitoring for unauthorized connections, devices, and software is performed.",7.6,Log All URL requester,"Log all URL requests from each of the organization's systems, whether on-site or a mobile device, in order to identify potentially malicious activity and assist incident handlers with identifying potentially compromised systems."
CM-CS-4,CM,"Monitoring for unauthorized connections, devices, and software is performed.",7.7,Use of DNS Filtering Services,Use Domain Name System (DNS) filtering services to help block access to known malicious domains.
CM-CS-4,CM,"Monitoring for unauthorized connections, devices, and software is performed.",8.1,Utilize Centrally Managed Anti-malware Software,Utilize centrally managed anti-malware software to continuously monitor and defend each of the organization's workstations and servers.
CM-CS-4,CM,"Monitoring for unauthorized connections, devices, and software is performed.",8.4,Configure Anti-Malware Scanning of Removable Devices,Configure devices so that they automatically conduct an anti-malware scan of removable media when inserted or connected.
CM-CS-4,CM,"Monitoring for unauthorized connections, devices, and software is performed.",8.5,Configure Devices to Not Auto-Run Content,Configure devices to not auto-run content from removable media.
CM-CS-4,CM,"Monitoring for unauthorized connections, devices, and software is performed.",1.7,Deploy Port Level Access Control,"Utilize port level access control, following 802.1x standards, to control which devices can authenticate to the network. The authentication system shall be tied into the hardware asset inventory data to ensure only authorized devices can connect to the network."
CM-CS-4,CM,"Monitoring for unauthorized connections, devices, and software is performed.",1.8,Utilize Client Certificates to Authenticate Hardware Assets,Use client certificates to authenticate hardware assets connecting to the organization's trusted network.
CM-CS-4,CM,"Monitoring for unauthorized connections, devices, and software is performed.",12.2,Scan for Unauthorized Connections Across Trusted Network Boundaries,Perform regular scans from outside each trusted network boundary to detect any unauthorized connections which are accessible across the boundary.
CM-CS-4,CM,"Monitoring for unauthorized connections, devices, and software is performed.",12.3,Deny Communications With Known Malicious IP Addresses,"Deny communications with known malicious or unused Internet IP addresses and limit access only to trusted and necessary IP address ranges at each of the organization's network boundaries,."
CM-CS-4,CM,"Monitoring for unauthorized connections, devices, and software is performed.",12.4,Deny Communication Over Unauthorized Ports,Deny communication over unauthorized TCP or UDP ports or application traffic to ensure that only authorized protocols are allowed to cross the network boundary in or out of the network at each of the organization's network boundaries.
CM-CS-4,CM,"Monitoring for unauthorized connections, devices, and software is performed.",12.1,Manage All Devices Remotely Logging into Internal Network,Scan all enterprise devices remotely logging into the organization's network prior to accessing the network to ensure that each of the organization's security policies has been enforced in the same manner as local network devices.
CM-CS-4,CM,"Monitoring for unauthorized connections, devices, and software is performed.",15.2,Detect Wireless Access Points Connected to the Wired Network,Configure network vulnerability scanning tools to detect and alert on unauthorized wireless access points connected to the wired network.
CM-CS-7,CM,The Company networks are monitored to detect threat activity.,12.5,Configure Monitoring Systems to Record Network Packets,Configure monitoring systems to record network packets passing through the boundary at each of the organization's network boundaries.
CM-CS-7,CM,The Company networks are monitored to detect threat activity.,12.6,Deploy Network-Based IDS Sensors,Deploy network-based Intrusion Detection Systems (IDS) sensors to look for unusual attack mechanisms and detect compromise of these systems at each of the organization's network boundaries.
CM-CS-7,CM,The Company networks are monitored to detect threat activity.,12.7,Deploy Network-Based Intrusion Prevention Systems,Deploy network-based Intrusion Prevention Systems (IPS) to block malicious network traffic at each of the organization's network boundaries.
CM-CS-7,CM,The Company networks are monitored to detect threat activity.,12.8,Deploy NetFlow Collection on Networking Boundary Devices,Enable the collection of NetFlow and logging data on all network boundary devices.
CM-CS-7,CM,The Company networks are monitored to detect threat activity.,12.1,Maintain an Inventory of Network Boundaries,Maintain an up-to-date inventory of all of the organization's network boundaries.
CM-CS-7,CM,The Company networks are monitored to detect threat activity.,13.5,Monitor and Detect Any Unauthorized Use of Encryption,Monitor all traffic leaving the organization and detect any unauthorized use of encryption.
CM-CS-8,CM,The Company applications are monitored to detect threat activity.,9.5,Implement Application Firewalls,Place application firewalls in front of any critical servers to verify and validate the traffic going to the server. Any unauthorized traffic should be blocked and logged.
CM-CS-8,CM,The Company applications are monitored to detect threat activity.,12.9,Deploy Application Layer Filtering Proxy Server,Ensure that all network traffic to or from the Internet passes through an authenticated application layer proxy that is configured to filter unauthorized connections.
CM-CS-8,CM,The Company applications are monitored to detect threat activity.,18.1,Establish Secure Coding Practices,Establish secure coding practices appropriate to the programming language and development environment being used.
CM-CS-9,CM,The Company endpoints are monitored to detect malicious code and detect threat activity.,4.8,Log and Alert on Changes to Administrative Group Membership,Configure systems to issue a log entry and alert when an account is added to or removed from any group assigned administrative privileges.
CM-CS-9,CM,The Company endpoints are monitored to detect malicious code and detect threat activity.,4.9,Log and Alert on Unsuccessful Administrative Account Login,Configure systems to issue a log entry and alert on unsuccessful logins to an administrative account.
CM-CS-9,CM,The Company endpoints are monitored to detect malicious code and detect threat activity.,6.2,Activate Audit Logging,Ensure that local logging has been enabled on all systems and networking devices.
CM-CS-9,CM,The Company endpoints are monitored to detect malicious code and detect threat activity.,6.3,Enable Detailed Logging,"Enable system logging to include detailed information such as a event source, date, user, timestamp, source addresses, destination addresses, and other useful elements."
CM-CS-9,CM,The Company endpoints are monitored to detect malicious code and detect threat activity.,8.1,Utilize Centrally Managed Anti-malware Software,Utilize centrally managed anti-malware software to continuously monitor and defend each of the organization's workstations and servers.
CM-CS-9,CM,The Company endpoints are monitored to detect malicious code and detect threat activity.,8.2,Ensure Anti-Malware Software and Signatures Are Updated,Ensure that the organization's anti-malware software updates its scanning engine and signature database on a regular basis.
CM-CS-9,CM,The Company endpoints are monitored to detect malicious code and detect threat activity.,8.3,Enable Operating System Anti-Exploitation Features/Deploy Anti-Exploit Technologies,Enable anti-exploitation features such as Data Execution Prevention (DEP) or Address Space Layout Randomization (ASLR) that are available in an operating system or deploy appropriate toolkits that can be configured to apply protection to a broader set of applications and executables.
CM-CS-9,CM,The Company endpoints are monitored to detect malicious code and detect threat activity.,8.4,Configure Anti-Malware Scanning of Removable Devices,Configure devices so that they automatically conduct an anti-malware scan of removable media when inserted or connected.
CM-CS-9,CM,The Company endpoints are monitored to detect malicious code and detect threat activity.,8.5,Configure Devices to Not Auto-Run Content,Configure devices to not auto-run content from removable media.
CM-CS-9,CM,The Company endpoints are monitored to detect malicious code and detect threat activity.,9.4,Apply Host-Based Firewalls or Port-Filtering,"Apply host-based firewalls or port-filtering tools on end systems, with a default-deny rule that drops all traffic except those services and ports that are explicitly allowed."
NI-CS-10,NI,The Company implements and maintains controls to identify and prevent unauthorized devices from accessing its wireless network.,15.8,"Use Wireless Authentication Protocols That Require Mutual, Multi-Factor Authentication","Ensure that wireless networks use authentication protocols such as Extensible Authentication Protocol-Transport Layer Security (EAP/TLS), which requires mutual, multi-factor authentication."
NI-CS-10,NI,The Company implements and maintains controls to identify and prevent unauthorized devices from accessing its wireless network.,15.1,Maintain an Inventory of Authorized Wireless Access Points,Maintain an inventory of authorized wireless access points connected to the wired network.
NI-CS-10,NI,The Company implements and maintains controls to identify and prevent unauthorized devices from accessing its wireless network.,15.3,Use a Wireless Intrusion Detection System,Use a wireless intrusion detection system (WIDS) to detect and alert on unauthorized wireless access points connected to the network.
NI-CS-11,NI,The Company implements and maintains controls to identify and prevent unauthorized devices from remotely accessing the network.,12.1,Require All Remote Login to Use Multi-Factor Authentication,Require all remote login access to the organization's network to encrypt data in transit and use multi-factor authentication.
NI-CS-11,NI,The Company implements and maintains controls to identify and prevent unauthorized devices from remotely accessing the network.,12.1,Manage All Devices Remotely Logging into Internal Network,Scan all enterprise devices remotely logging into the organization's network prior to accessing the network to ensure that each of the organization's security policies has been enforced in the same manner as local network devices.
NI-CS-2,NI,The Company configures network devices to mitigate network security threats.,11.1,Maintain Standard Security Configurations for Network Devices,Maintain documented security configuration standards for all authorized network devices.
NI-CS-2,NI,The Company configures network devices to mitigate network security threats.,11.2,Document Traffic Configuration Rules,"All configuration rules that allow traffic to flow through network devices should be documented in a configuration management system with a specific business reason for each rule, a specific individual’s name responsible for that business need, and an expected duration of the need."
NI-CS-3,NI,"The Company restricts unnecessary network services, ports, and protocols, and monitors communications at external network boundaries and between internal networks. ",12.2,Scan for Unauthorized Connections Across Trusted Network Boundaries,Perform regular scans from outside each trusted network boundary to detect any unauthorized connections which are accessible across the boundary.
NI-CS-3,NI,"The Company restricts unnecessary network services, ports, and protocols, and monitors communications at external network boundaries and between internal networks. ",12.3,Deny Communications With Known Malicious IP Addresses,"Deny communications with known malicious or unused Internet IP addresses and limit access only to trusted and necessary IP address ranges at each of the organization's network boundaries,."
NI-CS-3,NI,"The Company restricts unnecessary network services, ports, and protocols, and monitors communications at external network boundaries and between internal networks. ",12.4,Deny Communication Over Unauthorized Ports,Deny communication over unauthorized TCP or UDP ports or application traffic to ensure that only authorized protocols are allowed to cross the network boundary in or out of the network at each of the organization's network boundaries.
NI-CS-3,NI,"The Company restricts unnecessary network services, ports, and protocols, and monitors communications at external network boundaries and between internal networks. ",12.5,Configure Monitoring Systems to Record Network Packets,Configure monitoring systems to record network packets passing through the boundary at each of the organization's network boundaries.
NI-CS-3,NI,"The Company restricts unnecessary network services, ports, and protocols, and monitors communications at external network boundaries and between internal networks. ",12.8,Deploy NetFlow Collection on Networking Boundary Devices,Enable the collection of NetFlow and logging data on all network boundary devices.
NI-CS-4,NI,The Company permits external network connections from its network through boundary protection devices or services.,12.9,Deploy Application Layer Filtering Proxy Server,Ensure that all network traffic to or from the Internet passes through an authenticated application layer proxy that is configured to filter unauthorized connections.
NI-CS-7,NI,The Company physically or logically separates its network based on function and class of data.,14.1,Segment the Network Based on Sensitivity,"Segment the network based on the label or classification level of the information stored on the servers, locate all sensitive information on separated Virtual Local Area Networks (VLANs)."
NI-CS-7,NI,The Company physically or logically separates its network based on function and class of data.,14.2,Enable Firewall Filtering Between VLANs,Enable firewall filtering between VLANs to ensure that only authorized systems are able to communicate with other systems necessary to fulfill their specific responsibilities.
NI-CS-8,NI,"The Company separates its network by function with the user network segmented from production, non-production and internet-facing networks. Network design and implementation considers the principles of least privilege. ",18.9,Separate Production and Non-Production Systems,Maintain separate environments for production and non-production systems. Developers should not have unmonitored access to production environments.
NI-CS-9,NI,The Company implements and maintains controls to identify and prevent unauthorized devices from accessing its physical network.,1.7,Deploy Port Level Access Control,"Utilize port level access control, following 802.1x standards, to control which devices can authenticate to the network. The authentication system shall be tied into the hardware asset inventory data to ensure only authorized devices can connect to the network."
NI-CS-9,NI,The Company implements and maintains controls to identify and prevent unauthorized devices from accessing its physical network.,1.8,Utilize Client Certificates to Authenticate Hardware Assets,Use client certificates to authenticate hardware assets connecting to the organization's trusted network.
NI-CS-9,NI,The Company implements and maintains controls to identify and prevent unauthorized devices from accessing its physical network.,15.1,Maintain an Inventory of Authorized Wireless Access Points,Maintain an inventory of authorized wireless access points connected to the wired network.
PM-CS-4,PM,"Patches are identified, assessed, and documented as they are made available by vendors.",3.4,Deploy Automated Operating System Patch Management Tools,Deploy automated software update tools in order to ensure that the operating systems are running the most recent security updates provided by the software vendor.
PM-CS-4,PM,"Patches are identified, assessed, and documented as they are made available by vendors.",3.5,Deploy Automated Software Patch Management Tools,Deploy automated software update tools in order to ensure that third-party software on all systems is running the most recent security updates provided by the software vendor.
PM-CS-4,PM,"Patches are identified, assessed, and documented as they are made available by vendors.",11.4,Install the Latest Stable Version of Any Security-Related Updates on All Network Devices,Install the latest stable version of any security-related updates on all network devices.
PM-CS-5,PM,"Patch deployment is prioritized, initiated, completed, and documented per timeline requirements.",3.4,Deploy Automated Operating System Patch Management Tools,Deploy automated software update tools in order to ensure that the operating systems are running the most recent security updates provided by the software vendor.
PM-CS-5,PM,"Patch deployment is prioritized, initiated, completed, and documented per timeline requirements.",3.5,Deploy Automated Software Patch Management Tools,Deploy automated software update tools in order to ensure that third-party software on all systems is running the most recent security updates provided by the software vendor.
PM-CS-5,PM,"Patch deployment is prioritized, initiated, completed, and documented per timeline requirements.",11.4,Install the Latest Stable Version of Any Security-Related Updates on All Network Devices,Install the latest stable version of any security-related updates on all network devices.
PM-CS-8,PM,The Company maintains a patch management solution to manage software patches.,3.4,Deploy Automated Operating System Patch Management Tools,Deploy automated software update tools in order to ensure that the operating systems are running the most recent security updates provided by the software vendor.
PM-CS-8,PM,The Company maintains a patch management solution to manage software patches.,3.5,Deploy Automated Software Patch Management Tools,Deploy automated software update tools in order to ensure that third-party software on all systems is running the most recent security updates provided by the software vendor.
PM-CS-9,PM,Application or System Owners verify that patches are successfully deployed.,3.4,Deploy Automated Operating System Patch Management Tools,Deploy automated software update tools in order to ensure that the operating systems are running the most recent security updates provided by the software vendor.
PM-CS-9,PM,Application or System Owners verify that patches are successfully deployed.,3.5,Deploy Automated Software Patch Management Tools,Deploy automated software update tools in order to ensure that third-party software on all systems is running the most recent security updates provided by the software vendor.
PM-CS-9,PM,Application or System Owners verify that patches are successfully deployed.,11.4,Install the Latest Stable Version of Any Security-Related Updates on All Network Devices,Install the latest stable version of any security-related updates on all network devices.
PP-CS-3,PP,"The System Development Life Cycle (SDLC) methodology and supporting processes and tools are defined, maintained, reviewed and approved on a [INSERT TIME FRAME] basis.",18.1,Establish Secure Coding Practices,Establish secure coding practices appropriate to the programming language and development environment being used.
PP-CS-4,PP,System development and information security roles and responsibilities are defined and communicated.,18.6,Ensure Software Development Personnel are Trained in Secure Coding,Ensure that all software development personnel receive training in writing secure code for their specific development environment and responsibilities.
PP-CS-5,PP,"The organization controls changes to systems within the System Development Life Cycle (SDLC) through formal, documented, and implemented change control procedures that incorporate information security considerations.",18.7,Apply Static and Dynamic Code Analysis Tools,Apply static and dynamic analysis tools to verify that secure coding practices are being adhered to for internally developed software.
PP-CS-5,PP,"The organization controls changes to systems within the System Development Life Cycle (SDLC) through formal, documented, and implemented change control procedures that incorporate information security considerations.",18.2,Ensure That Explicit Error Checking is Performed for All In-House Developed Software,"For in-house developed software, ensure that explicit error checking is performed and documented for all input, including for size, data type, and acceptable ranges or formats."
PP-CS-7,PP,Production environments are logically separate from non-production environments.,18.9,Separate Production and Non-Production Systems,Maintain separate environments for production and non-production systems. Developers should not have unmonitored access to production environments.
ST-CS-1,ST,The Company requires new employees to complete Security Awareness Training within [INSERT TIME FRAME] days of start-date. Non-completions are handled pursuant to the Mandatory Training policy.,17.3,Implement a Security Awareness Program,Create a security awareness program for all workforce members to complete on a regular basis to ensure they understand and exhibit the necessary behaviors and skills to help ensure the security of the organization. The organization's security awareness program should be communicated in a continuous and engaging manner.
ST-CS-1,ST,The Company requires new employees to complete Security Awareness Training within [INSERT TIME FRAME] days of start-date. Non-completions are handled pursuant to the Mandatory Training policy.,19.6,Publish Information Regarding Reporting Computer Anomalies and Incidents,"Publish information for all workforce members, regarding reporting computer anomalies and incidents, to the incident handling team. Such information should be included in routine employee awareness activities."
ST-CS-2,ST,The Company requires new contractors to complete Security Awareness Training within [INSERT TIME FRAME] days of start-date. Non-completions are handled pursuant to the Mandatory Training policy.,17.3,Implement a Security Awareness Program,Create a security awareness program for all workforce members to complete on a regular basis to ensure they understand and exhibit the necessary behaviors and skills to help ensure the security of the organization. The organization's security awareness program should be communicated in a continuous and engaging manner.
ST-CS-2,ST,The Company requires new contractors to complete Security Awareness Training within [INSERT TIME FRAME] days of start-date. Non-completions are handled pursuant to the Mandatory Training policy.,19.6,Publish Information Regarding Reporting Computer Anomalies and Incidents,"Publish information for all workforce members, regarding reporting computer anomalies and incidents, to the incident handling team. Such information should be included in routine employee awareness activities."
ST-CS-3,ST,The Company requires all employees to complete Security Awareness Training on an [INSERT TIME FRAME] or if significant system changes occur. Employees have a designated window of time to complete Security Awareness Training from course enrollment. Non-completions are handled pursuant to the Mandatory Training policy.,17.3,Implement a Security Awareness Program,Create a security awareness program for all workforce members to complete on a regular basis to ensure they understand and exhibit the necessary behaviors and skills to help ensure the security of the organization. The organization's security awareness program should be communicated in a continuous and engaging manner.
ST-CS-3,ST,The Company requires all employees to complete Security Awareness Training on an [INSERT TIME FRAME] or if significant system changes occur. Employees have a designated window of time to complete Security Awareness Training from course enrollment. Non-completions are handled pursuant to the Mandatory Training policy.,19.6,Publish Information Regarding Reporting Computer Anomalies and Incidents,"Publish information for all workforce members, regarding reporting computer anomalies and incidents, to the incident handling team. Such information should be included in routine employee awareness activities."
ST-CS-3,ST,The Company requires all employees to complete Security Awareness Training on an [INSERT TIME FRAME] or if significant system changes occur. Employees have a designated window of time to complete Security Awareness Training from course enrollment. Non-completions are handled pursuant to the Mandatory Training policy.,17.4,Update Awareness Content Frequently,"Ensure that the organization's security awareness program is updated frequently (at least annually) to address new technologies, threats, standards, and business requirements."
ST-CS-4,ST,The Company requires contractors to complete Security Awareness Training on an [INSERT TIME FRAME] or if significant system changes occur.  Contractors have a designated window of time to complete Security Awareness Training from course enrollment. Non-completions are handled pursuant to the Mandatory Training policy.,17.3,Implement a Security Awareness Program,Create a security awareness program for all workforce members to complete on a regular basis to ensure they understand and exhibit the necessary behaviors and skills to help ensure the security of the organization. The organization's security awareness program should be communicated in a continuous and engaging manner.
ST-CS-4,ST,The Company requires contractors to complete Security Awareness Training on an [INSERT TIME FRAME] or if significant system changes occur.  Contractors have a designated window of time to complete Security Awareness Training from course enrollment. Non-completions are handled pursuant to the Mandatory Training policy.,19.6,Publish Information Regarding Reporting Computer Anomalies and Incidents,"Publish information for all workforce members, regarding reporting computer anomalies and incidents, to the incident handling team. Such information should be included in routine employee awareness activities."
ST-CS-5,ST,The Company requires additional Security Awareness Training based on job role [INSERT TIME FRAME].,17.5,Train Workforce on Secure Authentication,Train workforce members on the importance of enabling and utilizing secure authentication.
ST-CS-5,ST,The Company requires additional Security Awareness Training based on job role [INSERT TIME FRAME].,17.6,Train Workforce on Identifying Social Engineering Attacks,"Train the workforce on how to identify different forms of social engineering attacks, such as phishing, phone scams, and impersonation calls."
ST-CS-5,ST,The Company requires additional Security Awareness Training based on job role [INSERT TIME FRAME].,17.7,Train Workforce on Sensitive Data Handling,"Train workforce members on how to identify and properly store, transfer, archive, and destroy sensitive information."
ST-CS-5,ST,The Company requires additional Security Awareness Training based on job role [INSERT TIME FRAME].,17.8,Train Workforce on Causes of Unintentional Data Exposure,"Train workforce members to be aware of causes for unintentional data exposures, such as losing their mobile devices or emailing the wrong person due to autocomplete in email."
ST-CS-5,ST,The Company requires additional Security Awareness Training based on job role [INSERT TIME FRAME].,17.9,Train Workforce Members on Identifying and Reporting Incidents,Train workforce members to be able to identify the most common indicators of an incident and be able to report such an incident.
ST-CS-5,ST,The Company requires additional Security Awareness Training based on job role [INSERT TIME FRAME].,18.1,Establish Secure Coding Practices,Establish secure coding practices appropriate to the programming language and development environment being used.
ST-CS-6,ST,The Company's Board receives Security Awareness training on [INSERT TIME FRAME].,17.3,Implement a Security Awareness Program,Create a security awareness program for all workforce members to complete on a regular basis to ensure they understand and exhibit the necessary behaviors and skills to help ensure the security of the organization. The organization's security awareness program should be communicated in a continuous and engaging manner.
ST-CS-7,ST,New and existing employees (based on job role) receive [INSERT SPECIFIC TRAINING MODULE] training prior to starting their roles and responsibilities. Non-completions are handled pursuant to the Mandatory Training Policy.,17.3,Implement a Security Awareness Program,Create a security awareness program for all workforce members to complete on a regular basis to ensure they understand and exhibit the necessary behaviors and skills to help ensure the security of the organization. The organization's security awareness program should be communicated in a continuous and engaging manner.
VM-CS-10,VM,"The Company maintains a process to prioritize, communicate, escalate, and track remediation of exploitable critical vulnerabilities identified on The Company perimeter.",3.1,Run Automated Vulnerability Scanning Tools,Utilize an up-to-date Security Content Automation Protocol (SCAP) compliant vulnerability scanning tool to automatically scan all systems on the network on a weekly or more frequent basis to identify all potential vulnerabilities on the organization's systems.
VM-CS-11,VM,Application and System Owners mitigate vulnerabilities within established Service Level Agreements (SLAs).,3.6,Compare Back-to-Back Vulnerability Scans,Regularly compare the results from consecutive vulnerability scans to verify that vulnerabilities have been remediated in a timely manner.
VM-CS-3,VM,The Company scans external systems to identify vulnerabilities on [INSERT TIME FRAME].,3.1,Run Automated Vulnerability Scanning Tools,Utilize an up-to-date Security Content Automation Protocol (SCAP) compliant vulnerability scanning tool to automatically scan all systems on the network on a weekly or more frequent basis to identify all potential vulnerabilities on the organization's systems.
VM-CS-4,VM,The Company scans internal systems to identify vulnerabilities on [INSERT TIME FRAME].,3.1,Run Automated Vulnerability Scanning Tools,Utilize an up-to-date Security Content Automation Protocol (SCAP) compliant vulnerability scanning tool to automatically scan all systems on the network on a weekly or more frequent basis to identify all potential vulnerabilities on the organization's systems.
VM-CS-4,VM,The Company scans internal systems to identify vulnerabilities on [INSERT TIME FRAME].,3.2,Perform Authenticated Vulnerability Scanning,Perform authenticated vulnerability scanning with agents running locally on each system or with remote scanners that are configured with elevated rights on the system being tested.
VM-CS-4,VM,The Company scans internal systems to identify vulnerabilities on [INSERT TIME FRAME].,3.3,Protect Dedicated Assessment Accounts,"Use a dedicated account for authenticated vulnerability scans, which should not be used for any other administrative activities and should be tied to specific machines at specific IP addresses."
VM-CS-5,VM,The Company performs penetration tests against externally-facing applications on [INSERT TIME FRAME].,20.1,Establish a Penetration Testing Program,"Establish a program for penetration tests that includes a full scope of blended attacks, such as wireless, client-based, and web application attacks."
VM-CS-5,VM,The Company performs penetration tests against externally-facing applications on [INSERT TIME FRAME].,20.2,Conduct Regular External and Internal Penetration Tests,Conduct regular external and internal penetration tests to identify vulnerabilities and attack vectors that can be used to exploit enterprise systems successfully.
VM-CS-5,VM,The Company performs penetration tests against externally-facing applications on [INSERT TIME FRAME].,20.3,Perform Periodic Red Team Exercises,Perform periodic Red Team exercises to test organizational readiness to identify and stop attacks or to respond quickly and effectively.
VM-CS-5,VM,The Company performs penetration tests against externally-facing applications on [INSERT TIME FRAME].,20.4,Include Tests for Presence of Unprotected System Information and Artifacts,"Include tests for the presence of unprotected system information and artifacts that would be useful to attackers, including network diagrams, configuration files, older penetration test reports, e-mails or documents containing passwords or other information critical to system operation."
VM-CS-5,VM,The Company performs penetration tests against externally-facing applications on [INSERT TIME FRAME].,20.6,Use Vulnerability Scanning and Penetration Testing Tools in Concert,Use vulnerability scanning and penetration testing tools in concert. The results of vulnerability scanning assessments should be used as a starting point to guide and focus penetration testing efforts.
VM-CS-6,VM,The Company ranks and prioritizes identified vulnerabilities for remediation in accordance with an established risk ranking process.,3.7,Utilize a Risk-Rating Process,Utilize a risk-rating process to prioritize the remediation of discovered vulnerabilities.
VM-CS-7,VM,The Company documents and communicates identified vulnerabilities to responsible parties.,3.1,Run Automated Vulnerability Scanning Tools,Utilize an up-to-date Security Content Automation Protocol (SCAP) compliant vulnerability scanning tool to automatically scan all systems on the network on a weekly or more frequent basis to identify all potential vulnerabilities on the organization's systems.
VM-CS-8,VM,The Company tracks identified vulnerabilities against established remediation timelines.,3.6,Compare Back-to-Back Vulnerability Scans,Regularly compare the results from consecutive vulnerability scans to verify that vulnerabilities have been remediated in a timely manner.
VM-CS-9,VM,The Company performs testing or scanning to confirm remediation of identified vulnerabilities.,3.6,Compare Back-to-Back Vulnerability Scans,Regularly compare the results from consecutive vulnerability scans to verify that vulnerabilities have been remediated in a timely manner.